<?xml version="1.0"?>
<!DOCTYPE Configure PUBLIC "-//Jetty//Configure//EN" "http://www.eclipse.org/jetty/configure_9_3.dtd">

<!-- ============================================================= -->
<!-- SSL ContextFactory configuration                              -->
<!-- ============================================================= -->
<Configure id="sslContextFactory" class="org.eclipse.jetty.util.ssl.SslContextFactory">
  <Set name="KeyStorePath"><Property name="jetty.base" default="." />/<Property name="jetty.sslContext.keyStorePath" deprecated="jetty.keystore" default="etc/keystore"/></Set>
  <Set name="KeyStorePassword"><Property name="jetty.sslContext.keyStorePassword" deprecated="jetty.keystore.password" default="OBF:1kmu19bz1n0m1i9c1mbb1mfb1i6m1mwo19bz1kjs"/></Set>
  <Set name="KeyStoreType"><Property name="jetty.sslContext.keyStoreType" default="JKS"/></Set>
  <Set name="KeyStoreProvider"><Property name="jetty.sslContext.keyStoreProvider"/></Set>
  <Set name="KeyManagerPassword"><Property name="jetty.sslContext.keyManagerPassword" deprecated="jetty.keymanager.password" default="OBF:1kmu19bz1n0m1i9c1mbb1mfb1i6m1mwo19bz1kjs"/></Set>
  <Set name="TrustStorePath"><Property name="jetty.base" default="." />/<Property name="jetty.sslContext.trustStorePath" deprecated="jetty.truststore" default="etc/keystore"/></Set>
  <Set name="TrustStorePassword"><Property name="jetty.sslContext.trustStorePassword" deprecated="jetty.truststore.password" default="OBF:1kmu19bz1n0m1i9c1mbb1mfb1i6m1mwo19bz1kjs"/></Set>
  <Set name="TrustStoreType"><Property name="jetty.sslContext.trustStoreType"/></Set>
  <Set name="TrustStoreProvider"><Property name="jetty.sslContext.trustStoreProvider"/></Set>
  <Set name="EndpointIdentificationAlgorithm"></Set>
  <Set name="NeedClientAuth"><Property name="jetty.sslContext.needClientAuth" deprecated="jetty.ssl.needClientAuth" default="false"/></Set>
  <Set name="WantClientAuth"><Property name="jetty.sslContext.wantClientAuth" deprecated="jetty.ssl.wantClientAuth" default="false"/></Set>
  <Set name="ExcludeCipherSuites">
  <Array type="String">
    <Item>SSL_RSA_WITH_DES_CBC_SHA</Item>
    <Item>SSL_DHE_RSA_WITH_DES_CBC_SHA</Item>
    <Item>SSL_DHE_DSS_WITH_DES_CBC_SHA</Item>
    <Item>SSL_RSA_EXPORT_WITH_RC4_40_MD5</Item>
    <Item>SSL_RSA_EXPORT_WITH_DES40_CBC_SHA</Item>
    <Item>SSL_DHE_RSA_EXPORT_WITH_DES40_CBC_SHA</Item>
    <Item>SSL_DHE_RSA_WITH_3DES_EDE_CBC_SHA</Item>
    <Item>SSL_DHE_DSS_WITH_3DES_EDE_CBC_SHA</Item>
    <Item>TLS_DHE_RSA_WITH_AES_256_CBC_SHA256</Item>
    <Item>TLS_DHE_DSS_WITH_AES_256_CBC_SHA256</Item>
    <Item>TLS_DHE_RSA_WITH_AES_256_CBC_SHA</Item>
    <Item>TLS_DHE_DSS_WITH_AES_256_CBC_SHA</Item>
    <Item>TLS_DHE_RSA_WITH_AES_128_CBC_SHA256</Item>
    <Item>TLS_DHE_DSS_WITH_AES_128_CBC_SHA256</Item>
    <Item>TLS_DHE_RSA_WITH_AES_128_CBC_SHA</Item>
    <Item>TLS_DHE_DSS_WITH_AES_128_CBC_SHA</Item>
  </Array>
  </Set>
  <Set name="useCipherSuitesOrder"><Property name="jetty.sslContext.useCipherSuitesOrder" default="true"/></Set>
</Configure>
